"Status","Start Time","Stop Time","Duration in ms","Parent Suite","Suite","Sub Suite","Test Class","Test Method","Name","Description"
"passed","Thu Apr 25 10:58:30 CST 2024","Thu Apr 25 10:58:30 CST 2024","0","indoor_day2_test.pro","test_pro","BaaLearn","","","test_main2[3-1]",""
"passed","Thu Apr 25 10:58:30 CST 2024","Thu Apr 25 10:58:30 CST 2024","0","indoor_day2_test.cus","test_cus","BaaLearn","","","test_main2[2-2]",""
"passed","Thu Apr 25 10:58:30 CST 2024","Thu Apr 25 10:58:30 CST 2024","1","indoor_day2_test","test_mode","BaaLearn2","","","test_main3",""
"passed","Thu Apr 25 10:58:30 CST 2024","Thu Apr 25 10:58:30 CST 2024","0","indoor_day2_test.cus","test_cus","BaaLearn","","","test_main1",""
"passed","Thu Apr 25 10:58:30 CST 2024","Thu Apr 25 10:58:30 CST 2024","1","indoor_day2_test.pro","test_pro","BaaLearn","","","test_main2[3-2]",""
"passed","Thu Apr 25 10:58:30 CST 2024","Thu Apr 25 10:58:30 CST 2024","1","indoor_day2_test.cus","test_cus","BaaLearn","","","test_main2[2-3]",""
"passed","Thu Apr 25 10:58:30 CST 2024","Thu Apr 25 10:58:30 CST 2024","1","indoor_day2_test.pro","test_pro","BaaLearn","","","test_main2[2-2]",""
"passed","Thu Apr 25 10:58:30 CST 2024","Thu Apr 25 10:58:30 CST 2024","1","indoor_day2_test.cus","test_cus","BaaLearn","","","test_main2[3-1]",""
"passed","Thu Apr 25 10:58:30 CST 2024","Thu Apr 25 10:58:30 CST 2024","1","indoor_day2_test.pro","test_pro","BaaLearn","","","test_main2[1-1]",""
"passed","Thu Apr 25 10:58:30 CST 2024","Thu Apr 25 10:58:30 CST 2024","1","indoor_day2_test.cus","test_cus","BaaLearn","","","test_main2[3-2]",""
"passed","Thu Apr 25 10:58:30 CST 2024","Thu Apr 25 10:58:30 CST 2024","1","indoor_day2_test.cus","test_cus","BaaLearn","","","test_main2[1-3]",""
"passed","Thu Apr 25 10:58:30 CST 2024","Thu Apr 25 10:58:30 CST 2024","1","indoor_day2_test.pro","test_pro","BaaLearn","","","test_main2[3-3]",""
"passed","Thu Apr 25 10:58:30 CST 2024","Thu Apr 25 10:58:30 CST 2024","0","indoor_day2_test.cus","test_cus","BaaLearn","","","test_main2[2-1]",""
"passed","Thu Apr 25 10:58:30 CST 2024","Thu Apr 25 10:58:30 CST 2024","2","indoor_day2_test.cus","test_cus","BaaLearn","","","test_main2[3-3]",""
"passed","Thu Apr 25 10:58:30 CST 2024","Thu Apr 25 10:58:30 CST 2024","1","indoor_day2_test.pro","test_pro","BaaLearn","","","test_main2[2-3]",""
"passed","Thu Apr 25 10:58:30 CST 2024","Thu Apr 25 10:58:30 CST 2024","1","indoor_day2_test.pro","test_pro","BaaLearn","","","test_main2[2-1]",""
"passed","Thu Apr 25 10:58:30 CST 2024","Thu Apr 25 10:58:30 CST 2024","1","indoor_day2_test","test_mode","BaaLearn2","","","test_main4",""
"passed","Thu Apr 25 10:58:30 CST 2024","Thu Apr 25 10:58:30 CST 2024","1","indoor_day2_test.pro","test_pro","BaaLearn","","","test_main2[1-3]",""
"passed","Thu Apr 25 10:58:30 CST 2024","Thu Apr 25 10:58:30 CST 2024","0","indoor_day2_test.pro","test_pro","BaaLearn","","","test_main2[1-2]",""
"passed","Thu Apr 25 10:58:30 CST 2024","Thu Apr 25 10:58:30 CST 2024","1","indoor_day2_test","test_mode","BaaLearn","","","test_main2[2]",""
"passed","Thu Apr 25 10:58:30 CST 2024","Thu Apr 25 10:58:30 CST 2024","0","indoor_day2_test","test_mode","BaaLearn2","","","test_main5",""
"passed","Thu Apr 25 10:58:30 CST 2024","Thu Apr 25 10:58:30 CST 2024","1","indoor_day2_test","test_mode","BaaLearn","","","test_main2[1]",""
"passed","Thu Apr 25 10:58:30 CST 2024","Thu Apr 25 10:58:30 CST 2024","2","indoor_day2_test","test_mode","BaaLearn","","","test_main2[3]",""
"passed","Thu Apr 25 10:58:30 CST 2024","Thu Apr 25 10:58:30 CST 2024","1","indoor_day2_test","test_mode","BaaLearn","","","test_main1",""
"passed","Thu Apr 25 10:58:30 CST 2024","Thu Apr 25 10:58:30 CST 2024","1","indoor_day2_test.pro","test_pro","BaaLearn","","","test_main1",""
"passed","Thu Apr 25 10:58:30 CST 2024","Thu Apr 25 10:58:30 CST 2024","1","indoor_day2_test.cus","test_cus","BaaLearn","","","test_main2[1-2]",""
"passed","Thu Apr 25 10:58:30 CST 2024","Thu Apr 25 10:58:30 CST 2024","0","indoor_day2_test.cus","test_cus","BaaLearn","","","test_main2[1-1]",""
